start	end	text
2444	6670	Да, мы готовы в этом ключе работать вместе.
6731	14302	Да, сейчас я расшарю.
14342	16706	Мстислав, вы первый, первый вопрос на вас.
16726	24398	Сейчас я расшариваю экран.
24458	25680	Видно?
25760	27122	Спасибо, да.
27462	29245	Добрый вечер.
29512	47655	Значит, я начну, раз у нас такой формат, да, действительно, значит, я как бы с общих моментов начну, да, с ответа на первый вопрос, вот, а далее коллеги уже там поправят, да, либо дополняют какие-то, если будут дополнительные, да, мнения.
48766	65712	Значит, в первую очередь, да, я что хочу сказать, вот эта вот проблема, она связана с тем, что у нас, к сожалению, недостаточное правовое регулирование, да, вот этого вот вопроса касаемо работы, функционирования подобных коттеджных поселков.
66248	83127	К сожалению, насколько я знаю, в том году были попытки принять закон соответствующий, но, насколько мне известно, там, может быть, коллеги дополнят меня или поправят, закон именно по коттеджным поселкам принят не был.
83168	87953	И в связи с этим подобные вопросы продолжают возникать.
88473	104398	Значит, при недостаточности у нас правового регулирования применяются в данном случае в основном положения общего и гражданского законодательства, в какой-то части жилищного законодательства и других моментов.
104418	115476	И судебная практика здесь имеет очень важное значение, потому что суды зачастую по-разному рассматривают подобные дела.
116198	132155	что как раз связано с тем, что закон четко не определяет, каким образом разрешать подобную проблему с восстановлением тарифов, в частности, с работой обслуживающей организации и так далее.
132215	137360	Значит, вопрос на самом деле довольно, так сказать, однотипный.
137400	145969	То есть они, конечно, разные моменты регулируют, но в целом они...
146303	158540	На них можно ответить, так сказать, общей одной фразой, практически с единой точки зрения.
158580	169915	Касаемо действий обслуживающей компании, мое мнение, я повторюсь, коллеги, может быть, дополняют, поправят мое мнение, что в данном случае здесь...
170806	186514	В любом случае идут договорные правоотношения, то есть односторонние подобные действия со стороны обслуживающей компании, я считаю, они недопустимы по увеличению тарифа и так далее.
186594	192645	Потому что у нас, в частности, законом установлено, что
194026	202093	В подобных случаях по общим нормам гражданского законодательства обязательно учитывается мнение второй стороны.
202314	205605	Здесь нет такого, что...
205923	216998	Компания вам предложила новые условия, новый договор, и вы обязаны заключать его именно на этих условиях, не шаг вправо, не шаг влево.
217739	219261	Разумеется, такого нет.
219321	232318	Вы правы предоставлять свои возражения, если вам предоставлен новый договор на заключение, в том числе касаемо его условий, тарифов и так далее.
232973	250510	Поэтому мое мнение здесь, что необходимо, соответственно, работать непосредственно с этой организацией изначально на досудебном порядке, то есть не обязательно сразу обращаться в суд, поскольку, во-первых, недостаточно данных для этого.
251587	258502	Во-вторых, нужно решить с тем, с чем будут возражать собственники.
258542	265377	Одно дело возражать чисто по вопросу изменения условий договора.
265778	276531	Второй момент – это уже касаемо экономической составляющей того тарифа по обслуживанию, который предлагается организации.
276571	285281	Потому что практически в соответствии с имеющейся судебной практикой эти все моменты, их тоже можно оспорить.
285321	294452	У нас практика судебная исходит из того, что человек, потребитель в подобном коттеджном поселке –
294753	307613	он оплачивает только те услуги, которые он практически потребил, то есть только те блага, которые на него распространяются.
307693	316607	Поэтому здесь организация обязана в обязательном порядке обосновать тот тариф, который они устанавливают.
317648	321334	И, соответственно, возвращаясь к тому, что я говорил в начале,
322124	331194	данные договорные отношения, они, естественно, подлежат согласованию второй стороной, да, то есть жителям коттеджного поселка.
331214	332575	Вот.
332676	343147	Ну, если по первому вопросу я тогда закончу, да, передам слово коллегам, вот, какие-то вопросы, дополнения, пожалуйста.
343167	351056	У юристов по этому первому вопросу.
351076	351456	Да.
353157	367045	Смотрите, повышение тарифа компании должно представить основания для его повышения.
367105	373377	Должны представить документ об изменении рыночной стоимости услуг.
373745	376830	на момент подписания договора.
376930	401288	Если нет такого документа, то подается претензия с нашей стороны, затем в суд подается исковое заявление о том, что требования об изменении тарифа незаконны, что вызовет не...
401926	407837	Обоснованное повышение, вернее, необоснованное обогащение.
408278	420441	Поэтому мое мнение, что здесь, прежде чем повышать тарифы, как указано в ваших новых договорах, люди должны обосновать.
420640	423023	свое повышение.
423083	430031	То есть представить какую-то смету, какое-то финансово-экономическое обоснование всех этих расходов.
430812	436098	Ну и рыночную цену, которая повысилась на данный момент.
436238	448572	Если это не представлено, а просто в договоре записана другая цифра, отличная от того, который в договоре заключали, я считаю, что это нужно обжаловать как
450610	458579	подавать им претензию, а затем подавать исковое заявление.
460982	463264	Да, спасибо большое, мы вас слышали.
463344	470592	Анна.
470612	473495	Да, спасибо большое.
473676	474036	Я хочу...
474573	493290	Начать заново, коллеги, я с вами относительно вашего мнения согласна, но давайте прям четко и по договору, мной было проанализировано ряд документов, между управляющей компанией, в данном случае же в случае обслуживающей, и жильцами ранее были заключены индивидуальные договоры.
493726	502614	При этом на примере, который мне выслан был договор от 2024 года, я хочу отметить следующее.
502634	505416	У нас есть пункт 3.1 договора.
505436	513803	Он устанавливает размер как раз-таки платы за услуги, и он определён был на 2024 год 430 рублей.
513903	523311	И есть такое указание о том, что согласно пункту 3.12 может быть увеличен на процент инфляции.
523578	540203	Что касается увеличения на процент инфляции, в данном случае у нас есть постановление определения несколько, три штуки от 2018-2019 года Верховного суда, которые два исковых заявления управляющей компании на индексацию,
540183	543148	были отклонены, отказаны.
543228	561499	Есть одно определение, где действительно компания доказала факт увеличения смертной стоимости услуг, о которых только что сказал коллега, и действительно в этот момент произошло по решению суда увеличение суммы платы за услуги.
561665	574403	При этом, исходя из раздела 7 договора, в данном случае у меня от 2024 года, договоры у большинства, как я понимаю, сейчас собственников действуют 5 лет до 2029 года.
574423	585478	Но при этом попозже я уже буду отвечать на вопрос под номером 3, который говорит, что делать тем, кто на данный период времени уже должен перезаключить.
585458	608175	В связи с этим мы понимаем, что тут есть некая коллизия права, возможно, сейчас как раз поэтому мы с вами общаемся, и условия договора в данном случае не содержат, я как уверена, что каждый договор, который подписывался с собственниками, не содержит одностороннего отказа или досрочного прекращения или изменения.
608155	610218	Во вне судебном порядке.
610238	623737	В связи с этим, соответственно, досрочно отказаться сейчас управляющей компанией от исполнения услуг по стоимости определенной ранее по действующим договорам не может.
623797	627903	Иначе в данном случае нарушается гражданский кодекс.
627963	636255	И соответствующий отказ, он будет основанием для спаривания нами данного решения управляющей компанией в суде.
636235	650625	В силу этого заключение нового договора, в том числе путем направления, например, как сейчас Олег сказал, возражений, я согласна, что да, это действительно нужно сделать.
650685	657619	Сейчас, так как уже опубликован публичный договор, который это как оферта, его надо акцептовать.
657599	663828	И сейчас, если мы говорим о законности повышения тарифов, мой ответ – это незаконно.
663848	684518	Договор предусматривает пункты о том, что можно повысить на сумму инфляции, но это нелегитимно с точки зрения определения Верховного суда позиций судов, которые этот пункт договора с большой долей вероятности оспорят о том, что несанкционированное повышение платы идет.
684498	702919	В этом случае, если повышение платы превышает уровень даже инфляции, что у нас в два раза, как мы понимаем, это основание как раз-таки, как и коллеги сейчас говорили, в суд, да, целью возложения обязанности перерасчета задолженности, который, как я понимаю, уже на жильцов начисляют.
702979	707464	Уже сейчас у большинства граждан имеется задолженность.
707524	709847	И это как раз-таки оплачивать...
709827	718529	Ну да, действительно, у многих бывает так, что оплата происходит автоматическое списание, если подключено автоматическое с банком соглашение.
718709	721356	Тут мы можем не переживать, все-таки тогда на...
722011	735490	Мы этот момент оспариваем в суде, на второй стороне, на обслуживающей организации возникает неосновательное обогащение, которое впоследствии взыскивается как по встречному исковому заявлению.
736011	745504	При этом я думаю, что я подожду еще в своей очереди в третьем вопросе, и более широко мы с вами раскроем тему, как нам дальше действовать и что сделать.
745771	749738	И сейчас, здесь сейчас мы можем применить защиту своих интересов.
749778	750720	Спасибо.
750740	751621	Анна, спасибо большое.
752363	755408	Товарищи юристы, представляйтесь, пожалуйста, кто вы, что вы.
755428	760577	Соседи пишут, что не понимают, кого вы представляете.
760637	765265	Анна, берите, пожалуйста, руку, чтобы уже высказать.
766105	769374	Добрый день, коллеги.
769394	774567	Руководитель практики недвижимости компании Сберправо.
774668	782308	Сегодня хотелось бы рассказать немножечко о том, как мы проанализировали пять договоров.
782288	798292	Жильцов, собственников и нашли, соответственно, разногласия в этих договорах, учитывая, что пунктом 1.4 каждого из этого договора установлено, что условия... Простите, пожалуйста, у нас был первый вопрос.
798453	800736	Есть по существу первого вопроса?
800716	823099	Конечно, коллегия отчасти согласна с ними, однако нужно заметить, что нормы жилищного права, как указал Конституционный суд в 2021 году, они все-таки не будут применяться тут, поскольку нарушается баланс прав и интересов между собственниками и управляющей компанией.
823119	828985	Об этом Конституционный суд неоднократно заявлял, поэтому вот тут хотелось бы поправить коллегу.
828965	834456	По поводу того, что говорила Анна, абсолютно согласна.
834516	845016	Заключены индивидуальные договоры, соответственно, каким-либо способом их поменять, изменить, возможно, только либо расторгнув их,
844996	861501	При этом они все срочные, и мы как потребители можем в одностороннем порядке отказаться от этого договора, а управляющая компания, как более сильная сторона этого договора, отказаться и сделать этого не может.
861521	873639	Поэтому это публичная аффекта, по факту для жильцов, у которых есть индивидуальные договоры, заключенные с ними, не имеет правового значения на сегодняшний день.
873699	874260	Благодарю.
875405	877167	Уточнение.
877307	878649	Читайте, пожалуйста, чат.
878689	884397	Давайте мы в чат будем сбрасывать вопросы, чтобы видели и соседи, и вы.
884477	889303	И уточнение от соседей абсолютно правильное, что у нас не управляющая компания.
889323	891646	У нас нет официально управляющей компании.
891666	896012	У нас ООО «Комфорт», которым выключен договор на обслуживание.
897410	899594	Конечно, мы это понимаем.
899614	902380	Безусловно, мы ознакомились с договорами.
902460	909133	Тут позиционируют себя они как обслуживающая компания, как управляющая компания.
909494	911779	Поэтому об этом и идет речь.
911839	916448	Они именно поэтому и хотят заключить публичный договор, но они не понимают, что...
916428	922415	вид разрешенного использования земельных участков для ведения садоводства.
922735	925979	То есть это все нами, естественно, изучалось, рассматривалось.
926099	928842	Я имею в виду, как позиционирует себя вторая сторона.
929843	931344	Хорошо, спасибо.
931465	935709	Если больше нет дополнений, давайте пойдем ко второму вопросу.
935829	940174	Сергей, второй вопрос в чат вывесите, пожалуйста.
940194	943718	И у нас Сбер отвечает на второй вопрос подробно.
944018	947345	А остальные добавляют, если есть что добавить.
947646	949570	Простите, не вижу вопрос.
949630	955463	Сейчас, секундочку.
963948	975659	Насколько я помню, я не вижу вопрос до сих пор, но чтобы не занимать то же время, устанавливается, насколько помню, там про изменение тарифа был вопрос.
975679	976780	Насколько правомерно.
976840	978422	Насколько правомерно.
978482	980784	Это действительно неправомерно.
980824	988772	Как уже неоднократно и коллегами, и нами заявлялось, что заключены индивидуальные переговоры.
988832	993516	Если ознакомиться с пунктом 3.1,
1002473	1004687	Продолжение следует...
1019585	1021969	даже не написано, каким образом.
1022029	1037036	Плюс нужно отметить, что в разных договорах указано абсолютно разное уведомление, способ уведомления жильцов об изменении тарифа.
1037056	1041323	При этом, насколько я понимаю, ООО
1044695	1064758	тарифа, возможно, в чате жильцов, но, опять же, это не надлежащее уведомление, поскольку на основании пункта договоров, опять же, во всех договорах все по-разному, это либо размещение на стенде, ну, вообще, по-хорошему, компания должна это сделать письменно и, соответственно, заключить дополнительное соглашение.
1064778	1070365	У нас этих дополнительных соглашений я не видела, поправьте меня, если...
1070345	1075697	Это не так. Вижу вопрос жильцов, что...
1077432	1081298	И вид разрешенного использования не у всех ведения садоводства.
1081338	1082039	Это я понимаю.
1082079	1089530	Я имела в виду, что договоры, которые я изучила, и кадастровые номера, которые я видела, там было для ведения садоводства.
1089870	1105093	Поэтому тут тоже практика разнится, о чем мы изначально и говорили, что каждый договор и каждую ситуацию нужно будет изучать в отдельности, потому что у всех отличается и вид разрешенного использования, и индивидуальные договоры.
1105073	1106019	Спасибо большое.
1106059	1107469	Давайте по второму вопросу.
1107529	1109059	Я расшарила второй вопрос.
1110052	1113977	Минуту еще можно добавлю коллегу.
1113997	1138287	Все-таки, да, как между странами договорные отношения, да, и если мы, в общем, норму гражданского кодекса будем склоняться, например, там возьмем статью 450, которая у нас говорит, что невозможно изменение в одностороннем порядке условий договора, а данное условие у нас является существенным, что в целом также подтверждает нарушение прав собственников именно.
1138267	1139769	Второй момент.
1139829	1145959	Как минимум должно быть уведомление, если мы исходим опять из гражданских правоотношений.
1146019	1156094	То есть страна, которая хочет изменить какие-либо условия или внести какие-то изменения, она уведомляет за 30 дней до внесения изменений.
1156294	1157997	Допустим, это...
1157977	1172728	Уведомление, ну, не допустим, это уведомление направляется сторонам для надлежащего подтверждения, это либо Почта России, либо если у них есть общий чат, общий доступ к сайту, то вывешивается, соответственно, там.
1173383	1188405	Правильно, до этого мой коллега сказал, что помимо уведомления есть определенное финансово-экономическое обоснование, которое идет как приложение к данному уведомлению обосновать, почему идет рост тех или иных расходов.
1188385	1199001	это вот к вопросу, если я обращаюсь, да, то также говорить, что это неправомерно, то есть не может в одностороннем порядке компания сама по себе увеличить.
1199041	1211440	И более того, в некоторых договорах, которые, возьмем, более старые, заключенные до 2020 года, там вообще не сказано, что в одностороннем порядке, ну, в целом, изменение условий.
1211420	1216855	То есть сторона, с которой заключается, не имеет права вносить какие-то изменения.
1216895	1226121	Здесь мы уже больше говорим о пролонгации, потому что у кого-то он срочный, у кого-то он срочный до определенного числа, но если человек...
1226472	1233941	вот как уже больше к оферте относятся к ЦПДУ, то есть вносят какую-то следующую оплату, он продолжает действовать на этих же условиях.
1233961	1245955	Но как мы видим, что условия совершенно разные, если мы возьмем 2018 год и на сегодняшний день, что также нарушает требования потребителя конкретного договора.
1246275	1256327	Ну и если мы говорим о публичности договора, то анализируя вообще практику всех судов, которая правильно подтверждает
1256881	1270924	Это является злоупотреблением права со стороны у нас компании на сегодняшний день, которая в одностороннем порядке позволяет себе вносить или иметь изменения без согласования, без заключения дополнительных соглашений.
1271782	1273444	без уведомлений и так далее.
1273464	1300472	Здесь уже, да, помимо претензий, можно было бы еще привлечь сюда такой орган, как прокуратуру, которую написать жалобу для, ну, будем говорить простым языком, для ключа к давлению до подачи искового заявления в суд. Понятно, что основной вопрос все-таки будет введение к единообразию, да, с определенными условиями.
1300452	1322629	которые будут устраивать и говорить о том, что, допустим, по утвержденному постановлению Московской области, которые отвечают за тарифы, и исходя из этих тарифов, исходя из разумных каких-то рамок и пределов, уже выходить в
1322609	1331995	для расторжения действующих договоров и заключения, ну, соответственно, приводя его к единобразию и к определенным условиям.
1333983	1363045	Это если мы анализируем судебную практику, которую... ...вижу в вопросах, также то, что мы опираемся на какие-то вопросы из гаранта, однако надо сказать, что у нас большой опыт, например, у меня есть 8 лет опыта в Московском городском суде, помощником, то есть помощником председателя, то есть я прекрасно понимаю эту работу изнутри.
1363025	1370852	То есть это не голословные какие-то факты, а это действительно моя практика.
1370872	1374175	Поэтому я понимаю, как это работает.
1374315	1380581	Тут еще задают вопрос, законна ли публичная оферта.
1381041	1384685	Опять же, почему я говорила про управляющую компанию.
1384705	1393032	Потому что собственник земельных участков, дорог, ООО «Комфорт».
1393012	1411193	Он себя позиционирует как управляющая компания, поэтому он пытается привести все договоры в единообразие, поскольку у него во всех индивидуальных договорах прописано в пункте 1.4, что условия настоящего договора являются одинаковыми для всех клиентов.
1411213	1415698	Он пытается подстраховать себя и устранить ошибки, которые были ранее.
1415738	1419643	Видимо, он работал без юриста или не знаю, кто ему составлял договоры.
1419623	1426135	Но именно для этого он это и пытается сделать, чтобы себя как-то обезопасить.
1426155	1427898	Спасибо.
1428799	1429601	Спасибо большое.
1429661	1433989	По второму вопросу есть дополнение?
1434309	1436253	Могу я сказать свое слово?
1436293	1437335	Сергей говорит.
1437435	1438577	Да, Сергей, пожалуйста.
1440160	1466860	Да, то есть я очень согласен и в полном объеме согласен с теми, кто сказал выше, с юристами, все они правильно сказали, но тем не менее, еще раз хотел бы добавить, что да, все это дело незаконно, но оно может стать законным, если бы они представили нам какие-то документы,
1467582	1473830	об изменении рыночной стоимости услуг на момент подписания договора.
1473950	1478696	Если нет такого документа, то подается претензия.
1478756	1480919	То есть мы должны с вами подать претензию.
1480959	1497319	Затем в суд о том, что требования об изменении тарифа незаконны, что вызовет необоснованное обогащение компании, которая предъявляет нам какие-то требования.
1497873	1509435	где суд проведет финансово-экономическую экспертизу, если мы с вами попросим, и таким образом установит, правильно это все или неправильно.
1509820	1528960	Они должны представить как минимум, просто если говорить, смету и финансово-экономическое обоснование, на основании чего они повышают свои цены на тарифы и поэтому вносят изменения в договор.
1528940	1536760	А так просто изменить с 200 на 700 – это ни о чём, понимаете?
1536820	1538524	Они просто не имеют права.
1538545	1541532	То есть в любом случае… Мы это уже поняли, Сергей, мы это уже поняли.
1541552	1542996	Спасибо большое.
1543096	1544620	Есть ещё дополнение, Анна?
1546237	1552991	Да, у меня достаточно глобальное сейчас будет дополнение, смотря какие мы преследуем с вами цели.
1553011	1565899	Мы можем сейчас бесконечно обсуждать в тот момент то, что мы можем направить претензию, писать возражения, подавать иски в суд. От этого легче на нынешний момент, как я понимаю, собственником не станет, потому что…
1565879	1584985	Изучив всю практику, связанную именно с этой управляющей компанией, именно с этим генеральным директором, который сейчас сидит еще на должности, я лицезрела и сделала большой анализ, связанный с происшествиями административного характера, уголовного характера.
1584965	1592397	то каким образом начинаются чиниться препятствия собственникам жилья, когда кто-то с чем-то не согласен.
1592417	1599548	Мы сейчас понимаем, что сейчас зимний период, у них в смертной стоимости заложена, например, очистка дорог.
1599608	1604155	И в случае, если сейчас начнется агрессивное наступление дорог,
1604135	1621243	в противостоянии с вашей компанией, то мы понимаем, что будут кучи снега наваливаться к тем жильцам под двери, которые больше всего выступают за то, чтобы, например, каким-то образом сплотить всех.
1621263	1629777	Поэтому нужно понимать и быть готовыми к тому, что будут агрессивные действия со стороны вашей компании.
1629857	1631239	И еще главный момент.
1631945	1638458	Какое у меня предложение, потому что я громкими делами в нашей стране занимаюсь 10 лет.
1638498	1643307	У меня юридическое агентство непростое, у меня агентство юридических и журналистских расследований Анны Фроловой.
1643327	1645952	Вы, в принципе, можете себе почитать в интернете.
1646033	1650882	И у меня большое количество громких дел экранизированных на федеральных каналах еженедельно.
1650862	1659055	Я в прайм-тайме вот придаю огласки с «Россией-1», «Вести», вот такого рода подобные споры.
1659075	1661920	Какой результат я бы видела?
1662000	1669292	Да, действительно, нужно сейчас составлять коллективную претензию на тот публичный договор, который был опубликован.
1669272	1682995	И при этом я бы на вашем месте все-таки выделила инициативную группу, которые готовы будут говорить во всеуслышание, которые понимают и принимают на себя те риски, о которых я только что сказала.
1713164	1714948	придется тоже с этим столкнуться.
1714988	1719199	Методы управляющих компаний, они рейдерские, и они будут так действовать.
1719259	1728962	И нам нужно понимать, что нам не просто юридическая компания сейчас нужна, но вам самостоятельно нужно сейчас объединиться и быть готовыми к тому, что вам придется...
1728942	1738797	Как мои коллеги из Сберправо правильно заметили, это обращение в различные структуры, кроме суда, и просто переписки сейчас с этой компанией.
1738818	1747171	Вам нужно действительно заявлять и в органы прокуратуры, рассказывать в письме о всем том, что происходило до этого.
1747191	1751878	Также это, конечно же, Роспотребнадзор вам оказывают услуги сейчас.
1751858	1753822	Вы имеете на это право.
1753882	1756709	И быть готовыми к придаче дела о глазке.
1756749	1759034	Как работают журналисты, я вам сейчас расскажу.
1759074	1763524	Подобного рода кейсы действительно вы можете лицезреть сейчас в новостях постоянно.
1763544	1767252	То есть вопрос войны с...
1767232	1774820	Управляющими компаниями, обслуживающими компаниями в поселках, особенно в дорогих поселках на Новой Риге, но они повсеместные.
1774861	1776582	Это глобальная проблема.
1776602	1789197	Поэтому сейчас вы должны осознавать, что если есть у вас инициативная группа, журналисты просто берут дело, выезжают к вам и начинают у вас у всех брать интервью, фиксировать переписки, фиксировать все документы.
1789217	1791439	То есть вы должны стать публичными.
1791499	1794943	Вы хотя бы человек 20 должно быть.
1794923	1803639	При этом, что касается судов, сейчас уже те, у кого заканчиваются договоры, вы имеете право обратиться в суд с иском уже об оспаривании.
1803679	1804981	Причем можно коллективным.
1805021	1807065	Коллективный иск от 20 человек.
1807105	1812274	Потом туда уже можно присоединиться еще людям через уточнение требований.
1812254	1813597	Это не проблема.
1813677	1821455	Но перед этим нужно вот такой плацдарм работы проделать, чтобы себя безопасить на тот период судов, пока они идти будут.
1821495	1830195	Вы должны дать управляющих компаний понять, что вы сплотились и обратно дороги нет, потому что завтра придет кто-нибудь,
1830175	1833722	плюнет на это все и подпишет собственноручно договор.
1833762	1838611	А потом второй, третий, десятый, и у вас зайдет как бы разделение.
1838651	1839833	И что делать будете?
1839853	1841015	Вот это вопрос.
1841035	1846004	Поэтому сейчас мой совет действительно нам определить стратегию и план защиты.
1846065	1847948	Если у вас есть инициативная группа,
1847928	1863607	Я еще сама не приняла решение, готова ли я, например, если вы выберете мою компанию работать с вами, я тоже еще не приняла решение, потому что я не понимаю, какую стратегию, тактику по вашему делу выбирать с точки зрения безопасности, исключительно поэтому.
1863627	1868694	Потому что не хочу, чтобы в очередной раз мне прокалывали шины возле моего офиса или еще где-нибудь.
1868734	1872298	У вас тоже это грозит, потому что, как я понимаю, у вас такое уже было.
1872498	1878785	Поэтому да, у меня в принципе все, я скоро перейду к своему блогу, но я уже в принципе-то все и сказала.
1878865	1881668	Да, спасибо большое.
1881728	1883931	Добрый вечер, это Сергей.
1884211	1898927	Я с уважением и с очень большим вниманием выслушал то, что сказал наш уважаемый гость, так же, как и я, по поводу журналистики, по поводу...
1899734	1901917	Да, очень приятно, Анна Андреевна.
1901957	1903740	Меня Сергей Юрьевич зовут.
1905001	1908186	Очень приятно, и правильно вы все сказали.
1908266	1917058	Но здесь, мне кажется, что немножко уровень, который вы предлагаете, его можно немножко снизить.
1917138	1920443	Людям просто, мне кажется, нужно, необходимо подать...
1929468	1950750	Можно подать такую же претензию в Роспотребнадзор, выслушать и узнать, какие будут ответы от них, и после этого уже обращаться в суд. Журналисты, вы великие люди, поэтому к вам обращаются только на крайнем этапе, когда уже...
1951844	1957736	Делать нечего, вы такие великие, что мне кажется, что к вам обращаются только уже когда просто.
1957776	1963528	Хорошо, прощайте, мы говорим только с вами давайте по существу и по существу вопроса.
1963628	1968177	Спор здесь неуместен, каждый высказал свое мнение, этого вполне достаточно.
1968197	1969220	Благодарю.
1969240	1970803	У нас третий вопрос, если нет.
1970963	1972907	А, у Сбера, пожалуйста.
1973410	1974952	Какие дополнения по второму вопросу?
1974972	1979377	Да, я буквально кратенько хотелось бы дополнить.
1979457	1984584	Я вот абсолютно согласна с Анной, но здесь надо определить, какие у нас все-таки цели.
1984624	1994355	Мы хотим бороться и отстоять свое, что у нас неправомерный заключен договор, неправомерные условия, или все-таки мы хотим привести к единообразию.
1994396	2003046	Если мы идем с вами по первому варианту, мы морально должны быть к этому готовы, и я все-таки полагаю, что досудебный порядок здесь будет очень важен.
2003026	2005349	Правильно, да, претензия нам нужна.
2005850	2012899	Вот рычаги давления, что-то типа прокуратуры, Роспотребнадзора, конечно же.
2012939	2018687	И в первую очередь мы должны запросить смету и, ну, соответственно, финансово-экономическое обоснование.
2018747	2019728	Что нам это даст?
2019768	2020930	Мы это увидим.
2021250	2026517	Есть нарушения действительно, нет нарушений, какая его будет реакция, какие проверки прошли.
2026598	2029962	Но ответит ли это на ваш главный вопрос?
2030110	2040005	Мы об этом, ну, опять же, понимаете, этот вопрос будет стоять достаточно остро, потому что даже если эти нарушения все выявятся, у вас цель какая?
2040065	2043009	Привести договор к единообразию, правильно?
2043049	2046735	Если вы хотите привести к единообразию, это чуть другой предмет спора.
2055170	2064124	вы взыщете определенную какую-то сумму, но опять же, вы будете действовать по своим договорам, которые когда-то заключили.
2064204	2073398	Если все-таки речь у нас сейчас идет о том, что вы хотите прийти к единообразию, то тогда надо начать с досудебного и посмотреть,
2073378	2091597	на реакцию генерального директора, надо посмотреть вообще на ответы, отдаст ли он нам по запросу эту смету, даст ли он нам по запросу финансово-экономическое обоснование, будут ли действительно проводиться какие-то проверки надзорными органами или же нет.
2091657	2095661	И только потом уже принимать решение, с каким иском вам в дальнейшем выходить.
2095701	2098744	Либо расторгать ваши и перезаключать уже...
2099281	2108911	каким-то новым проектом к ним договора выходить, который будет единый, которые будут включены условия, которые вас устраивают, да, ну и, соответственно, на другую сторону.
2108951	2110032	Это уже другой вопрос.
2110052	2114457	То есть здесь надо, наверное, все-таки исходить из того, какие цели вы преследуете.
2114517	2125508	Если просто побороться, то правильно Анна сказала, давайте мы сейчас вам запустим там СМИ, сделаем кучу коллективных жалоб и так далее, но это ваш вопрос основной решит или нет.
2125994	2140744	Если все-таки вы хотите прийти к чему-то другому, то я считаю, что первый вариант – это досудебный порядок, посмотреть на реакцию, но так или иначе, изменять условия договора и приводить его к единообразию – это только суд, и это совершенно другой предмет спора.
2140804	2144391	Ну и нужно тоже добавить, что…
2144371	2152322	Наш, получается, контрагент нарушает в том числе и условия федерального закона о передаче персональных данных.
2152342	2165721	То есть в случае, если вы выберете нашу компанию, то мы также будем обращаться в Роскомнадзор, писать жалобу, потому что на сегодняшний день это тоже огромный рычаг давления.
2165701	2177259	В Российской Федерации у нас на сегодняшний день максимально продвигается отсутствие нарушений данного федерального закона.
2177299	2179302	Поэтому это очень важно.
2179342	2186233	В каждом договоре было прописано о передаче персональных данных, получается, без вашего согласия.
2186293	2191962	Куда он их передавал, я боюсь представить, в какие еще...
2192718	2199266	Историю вы можете попасть.
2199326	2201689	Вот то, что... Можно я вас приводлю?
2201709	2207896	Я выслушал, что у вас очень все правильно, все актуально.
2208077	2210239	Но это не решит наши проблемы.
2210279	2211761	Все это нужно сделать.
2211801	2217628	И подать претензию, и подать в Роспотребнадзор, и может быть...
2218587	2221154	дойти до суда.
2221254	2230701	Но, тем не менее, чтобы нам решить вопрос и чтобы быть независимыми, нам нужно создать просто СНТ, ТСН.
2230761	2233609	То есть надо взять семь...
2233589	2261858	человек, которые создадут эту компанию и потом уйти от всего этого, зарегистрироваться, уйти от компании, которая нас обслуживает и просто создать свою компанию и уже на основании взносов, на основании финансово-экономического обоснования и сметы решать все вопросы, получать взносы и содержать свое имущество именно так, как мы хотим.
2261838	2266989	И может быть я не прав, расскажите.
2267009	2267991	Спасибо.
2268212	2273864	Мы сейчас о ТСМ пока не разговариваем вообще.
2273884	2276710	Добрый вечер.
2276830	2280117	Меня зовут Светлана Стонис, юридическая компания «Луч».
2280721	2290359	Я являюсь членом экспертного совета рабочей группы комитета по средствам ЖКХ Госдумы именно по вопросам управления общего имущества, малоэтажных жилых комплексов.
2290379	2294106	Вхожу в рабочую группу правительства Московской области по этим же вопросам.
2295318	2296340	Первое.
2297522	2310665	Надо не забывать, коллеги, что у нас на сегодняшний день все имущество общего пользования, дороги и сети, все инженерные коммуникации находятся в собственности данной обслуживающей организации.
2310705	2311707	Я правильно понимаю?
2316209	2320817	Нет, это собственность, и собственность все в руках частного лица.
2320857	2326507	Частного лица, то есть застройщика, который изначально размежевал земельный участок, вам его продал.
2326547	2333679	Данная организация создана этим же собственником, этим же застройщиком.
2333699	2334100	Да, да.
2334265	2342969	И здесь ключевой момент, что как бы мы сейчас не воевали с тарифами, пока мы не разберемся... А на каких правах?
2342989	2345636	В аренде или в собственности?
2346518	2349827	Сергей, я вас очень прошу, не нужно устраивать дебаты.
2350229	2353535	Человеку разговаривает, ему дали слово.
2353575	2358404	А вот, значит, у нас это находится в частной собственности застройщик.
2358444	2366078	И по сути получается, что он находится в позиции монополиста, он будет диктовать условия ровно так, как ему это выгодно.
2366243	2378406	Он не случайно заключил договор обслуживания, а не договор управления общим имуществом котельного поселка, потому что он таким образом дал бы нам шанс оспорить это право частной собственности.
2378466	2384577	И прозвучало мнение, что он это делал без юристов, как раз-таки он делал это с юристами, это вся осознанная история.
2384617	2387863	Поэтому сейчас ключевой момент в чем?
2387843	2403096	То, что вот коллеги говорили о том, что Конституционный суд сказал, что принцип по многоквартирным домам, где как раз регулируется установление тарифа, Конституционный суд сказал, что он неприменим к малоэтажным жилым комплексам.
2403156	2417749	Это действительно так. Но на сегодняшний день все суды в большинстве своем по всем регионам, а я занимаюсь данной проблематикой из позиции Госдумы, из Минстроя, именно региональным образом, суды совершают...
2417729	2437360	спокойно применяют по аналогии все право, которое регулирует установление тарифов и институт общего пользования, вернее, институт общей долевой собственности на общее имущество жилых комплексов, объединенных общной единой территорией и целостной цепью инженерных коммуникаций.
2437420	2443129	Это основные критерии, по которым суды относят на сегодняшний день любые СНТ,
2443328	2450453	к поселке, который в ИЖС, он их относит к малоэтажным жилым компаниям.
2451547	2455853	У нас до сих пор этого понятия нет, потому что законопроект во второй чтении никак зайти не может.
2455893	2457174	Надеемся, что в этом году мы его примем.
2457195	2462822	Но вот сейчас любое действие или противодействие будет вызывать обратную реакцию.
2462902	2467268	И он, как бы мы не оспорили тариф, тариф мы оспорим в моменте.
2467328	2469551	Я вообще в этом смысле даже не переживаю.
2469571	2473396	То есть сейчас мы пишем возражения о том, что это необоснованно.
2473416	2478583	И если это будет коллективное обращение, а еще больше от нескольких коттеджных поселков, как я поняла,
2478563	2483691	то в данном случае это дает нам большой зеленый свет на судебное урегулирование в части тарифов.
2483791	2486175	Но мы не решим проблему в корне.
2486195	2499475	Здесь нужно впоследствии либо параллельно ставить вопрос об оспаривании права частной собственности на общее имущество, которое создавалось для того, чтобы вы его эксплуатировали в целях использования своего частного домовладения.
2499455	2502198	И по этому поводу практики уже тьма.
2502258	2508266	То, что у нас там весомый застройщик, то, что он имеет определенные позиции во власти и так далее, это везде.
2508286	2521001	У нас есть целое течение, в России сейчас называется коттеджное рабство, есть целый чат, и большие у них идут целые программы политические, где вот в каждом регионе это миллионы таких проблем.
2521021	2522743	И поверьте, они решаются.
2522783	2525226	И с такими весомыми людьми.
2525206	2534021	Здесь в данном случае я согласна с моим коллегой, по-моему, Анна, которая говорила о том, что здесь нужно придать этому массовую огласку.
2534061	2536125	Однозначно, это первое.
2536165	2539531	И второе, это нужно подключить именно уровень федеральной власти.
2539591	2550690	Мы видим, к сожалению, что на местах ни прокуратура, ни Роспотребнадзор, как бы коллеги сейчас, выступая передо мной, не возлагали на них большие надежды, но не решают они эти проблемы.
2550670	2567735	Как только они выходят на проверку, они сразу говорят частная собственность на общее имущество, они сразу говорят о том, что мы не можем регулировать, госстройнадзор, ростстройнадзор не может туда вникать, госжилконтроль не может туда вникать, поскольку это не подчиняется и так далее.
2567755	2572662	Поэтому нам нужно сейчас через депутатское реагирование, через Минструальность,
2572642	2581393	реагирование через правительство Московской области, выйти на определенные действия сверху, отдать этому огласку и дальше в суде разрешать вопрос.
2581433	2582835	Моя стратегия такая.
2582855	2587241	На сегодняшний день мы вот внедряемся, пункт такой-то, пункт такой-то.
2587261	2593289	Мы сейчас не будем нагружать людей с точки зрения того, как мы будем толковать нормы гражданского и жилищного законодательства.
2593349	2594250	Ну, зачем это людям?
2594290	2595872	Я стратегически говорю.
2595892	2601940	Нам нужно сегодня сделать все для того, чтобы начать работу по оспариванию тарифа и его повышения.
2603000	2613057	Вне судебный или судебный порядок, это будет видно по его поведению и по реакции на то, как мы сейчас напишем коллективные отказы от этого публичного договора и так далее.
2613077	2620890	Второе, мы готовим себя к оспариванию, я вижу так, оспариванию права собственности на все имущество общего пользования.
2620870	2638659	Потому что когда люди, вот сейчас я уже читаю, что когда люди купили земельные участки, а потом строили свои дома, все имущество общего пользования, ну, наверное, за редким исключением, было построено на их деньги, которые они вносили в качестве целевых взносов в ранее созданные ТСН.
2638679	2643587	К сожалению, ТСН ликвидировано, ну, не договорились люди, не устроила их такая форма управления.
2643567	2652879	Но, тем не менее, оплата осталась, и факт того, что они сами создавали себе то, что сейчас находится незаконно в частных руках, он есть, он налицо.
2652899	2667297	Поэтому аналогия с точки зрения, опять же, услышала у коллег с Бера, что вот установленный порядок, утвержденный порядок по установлению тарифов на территорию Московской области,
2668441	2669703	Здесь будет нам в помощь?
2669744	2671407	Не будет.
2671427	2675655	Этот закон не регулирует наши отношения в части малоэтажной живой застройки.
2675675	2677078	Пока не регулирует.
2677098	2679442	Поэтому здесь тариф должен быть экономически обоснован.
2679503	2682368	Это раз, если уж мы избрали эту компанию управляющую.
2682388	2684973	Мы, правда, ее не избрали, она нам навязана.
2684993	2686416	Но тем не менее.
2686396	2691581	Пока мы не разберемся с собственностью на общее имущество, мы не решим проблему людей.
2691601	2694964	Мы сейчас ее локально решим, не дадим им поднять тариф.
2695004	2697846	Ровно через год у них вернется та же самая история.
2697866	2698367	Все.
2698387	2707815	Нам суд не установит, скажем так, императивные нормы о том, что тариф в принципе подниматься не может.
2707855	2711659	Нам суд не определит методику изменения этого тарифа.
2711679	2715482	Но как только мы выиграем эти суды, он начнет дальше им выкручивать руки.
2715502	2716403	И это очевидно.
2716383	2718707	Спасибо.
2718807	2720811	Спасибо большое, Светлана.
2720971	2727704	Есть еще у кого что-то по существу добавить?
2727864	2729146	Сергей, можно, да?
2729207	2733655	Вы меня прервали, сказали, что я не совсем туда полез.
2733675	2735939	По существу вопросов, дискуссии с коллегами.
2736019	2738023	Да, по существу вопросов.
2738103	2739285	Но я являюсь...
2740210	2744017	Депутатам Государственной Думы по земельным вопросам.
2744498	2757240	Поэтому я как-то высказал свое мнение, что вопросы собственности, земельные и имущественные отношения регулируются как раз Государственной Думой.
2757220	2759703	Очень все красиво рассказали.
2759743	2761265	Все хорошо, все отлично.
2761706	2764289	Я не сомневаюсь, что все так хорошо.
2764389	2778147	Но, тем не менее, написав куда-то чего-то в Роспотребнадзор и в другие организации, все равно все это дело как минимум или спустится на тормозах, или придет в Государственную Думу.
2778507	2781691	К нам не приходят такие вопросы, как обычно.
2781732	2785236	Поэтому я еще раз вам рекомендую.
2785655	2798331	Еще раз не хочу сказать, все правы, все хорошо, все нормально, но тем не менее я считаю, что нужно непосредственно обратиться в Государственную Думу, в комитет.
2799678	2806486	по земельным вопросам, который нам разъяснит, где что, чего и как.
2806526	2819863	Ну, непосредственно я, может быть, не поступит это письмо, может быть, не мне, но тем не менее, я думаю, что я это письмо посмотрю, чем помочь.
2820080	2825731	Но тем не менее, в любом случае, все остальное, то, что сказали девушки-юристы, нужно будет делать.
2825831	2830319	И претензию подавать, и в суд подавать, и в Роспотребнобзор.
2830339	2839617	Это не заменяет того, что мы просто сейчас подадим в главенствующий орган, в Государственную Думу, который принимал этот закон, и что-то изменится.
2839677	2841480	Все нужно подавать поэтапно.
2841950	2844495	Поэтому вот какое-то мнение такое у меня.
2844835	2853952	Еще, если позволите, да, поэтапно раз, это должно быть иерархично, то есть я не говорю не обращаться в прокуратуру и в Роспотребнадзор.
2853992	2865493	Это нам в последующем даст определенную фактуру, когда мы придем в суды и будем говорить, что ни один способ защиты права не привел к нам к восстановлению этого нарушенного права.
2865743	2868229	Поэтому это нужно и в том числе для фактуры.
2868289	2879235	Что касаемо Государственной Думы, это, скорее всего, не комитет по земельным отношениям.
2879356	2882503	Это, скорее всего, комитет.
2882753	2885317	Светлана скажет, потом вам дадим слово.
2885337	2886239	Благодарю вас.
2886699	2898518	С точки зрения Государственной Думы я говорю о том, что рабочая группа по проблемам малоэтажного жилищного строительства создана на базе комитета по строительству и ЖКХ, господин Пахомов.
2898498	2905853	Поэтому нужно будет написать обращение к Пахомову и господину Якубовскому, который занимается малоэтажными жилыми комплексами в Государственной Думе.
2905893	2908338	И я не говорила, что это только стрельнет.
2908379	2910984	Обжаловать нужно все, жаловаться нужно везде.
2911044	2916034	Я хотела к тому сказать, что эта проблематика сейчас обсуждается на всех уровнях власти.
2916055	2919662	И федеральная власть в данном случае тоже вовлечена в эту проблематику.
2919642	2924048	И вот как раз и решение проблемы – это именно в корне.
2924068	2928554	Давайте разберемся с институтом собственности на общее имущество.
2928655	2936946	Не может находиться общее имущество, которое создавалось для эксплуатации единого жилого массива, находиться в частной собственности.
2937006	2941793	Плюс к этому у нас в частной собственности сейчас находятся стратегически важные объекты.
2941893	2948923	Это объекты уличной дорожной сети, которые не относятся, к сожалению, к таковому юридически, а де-факто таковыми являются.
2948903	2951207	И объекты инженерных коммуникаций.
2951267	2954974	Это стратегически важные объекты, на которые частная собственность запрещена.
2954994	2957579	Так вот, давайте мы с этой стороны будем заходить.
2957739	2963950	Я при этом не исключаю, что параллельно на этом этапе, сейчас на самом актуальном, это разобраться с тарифами.
2963970	2964992	Спасибо.
2965012	2966014	Спасибо, Светлана.
2966074	2969460	Да, Сергей, можем дать вам слово, если вы хотите еще что-то добавить.
2970790	2979342	Я совершенно согласен с дамой, которая сейчас только что говорила о том, что нужно сделать.
2979402	2981325	Именно это и нужно сделать.
2981345	2987414	И вот сейчас мы вышли как раз на тот консенсус, который нужно именно сделать.
2987474	2996427	Но тем не менее, сделав это, нужно обратиться, все-таки мне кажется, что в Комитет Государственной Думы обратиться к
2996407	3002156	которая должна посмотреть это дело и, надеюсь, принять.
3002196	3004800	А я попробую как-то поучаствовать в этом.
3005321	3010149	Хотя не обещаю, потому что у нас объем документов очень большой.
3010169	3012533	Спасибо.
3012553	3015377	Анна, по третьему вопросу осталось что-то добавить?
3015627	3016849	Или вообще в целом?
3016869	3018831	Потому что мы очень много уже обсудили, в принципе.
3018851	3026241	Нет, мы с вами очень много чего обсудили, как будто бывали на круглом столе по данным вопросам.
3026281	3028985	Поэтому давайте по существу.
3029105	3032269	Сейчас что нужно сделать в первую очередь?
3032289	3033331	Давайте подводим итоги.
3033371	3034152	Первое.
3034192	3041061	Для тех собственников, у которых закончился договор или подходит к завершению срок,
3041193	3051540	В первую очередь нужно направлять претензию, точнее я бы это назвала возражение на публичный договор, который был опубликован.
3051706	3054390	со следующими основаниями.
3054490	3055993	Первое.
3056113	3069374	Мы в своем таком неком отказе собственников от подписания договора указываем о том, что мы не согласны с повышением тарифов, которые являются в данном случае незаконными.
3069394	3079350	Потом мы указываем на то, что одностороннее повышение стоимости услуг обслуживающей организации недопустимо в соответствии с договором пунктом таким-то.
3079668	3085635	Также, что собственники вправе оплачивать фактически оказанные услуги.
3085655	3087638	У нас же все-таки договор услуг.
3087658	3091182	В связи с этим будет вопрос, скорее всего, последствия.
3093025	3097430	Мы не будем платить, а нас отключат от коммуникации.
3097470	3108544	В связи с этим я сейчас считаю, что в своих возражениях, отказе... Сергей, прошу прощения, не перебивайте, вас никто не перебивал.
3109773	3112075	Я прошу прощения.
3112095	3121145	В связи с этим я хочу акцентировать внимание о том, что по договору услуг мы должны оплачивать фактически оказанные нам услуги.
3121165	3132858	В прошлом договоре, который действует у многих на нынешний момент, должно быть приложение с большой долей вероятности, с некой классификацией стоимости каждых услуг.
3132878	3137923	Мы же не знаем, какое количество услуг нам оказывается ежемесячно сейчас.
3137903	3148342	Поэтому в любом случае каждый из собственников понимает и знает примерную сумму, среднюю сумму по году оплаты взносов, точнее оплаты услуг.
3148362	3154975	Вот нужно продолжать в случае, даже если договор истек, нужно продолжать платить эту сумму.
3155015	3157920	И причем в этом случае я бы указывала номер...
3157900	3168850	и дату прошлого договора, который, грубо говоря, будет неким образом автоматически пролонгирован, что в нем, кстати, не предусмотрено, но вариантов пока другого нет.
3169191	3172720	Это для того, чтобы добросовестной стороны подтвердить,
3172852	3188846	В случае, если управляющая компания как раз-таки будет пытаться отключать от коммуникаций и настаивать на том, чтобы сторона, уязвимая в данном случае, подписала те условия, предлагаемые и опубликованные сейчас в публичном договоре.
3188886	3195712	То есть каким образом может звучать это, по моему мнению, я вот сейчас как раз для себя набросала.
3195772	3202858	То есть собственники объектов недвижимости не отказываются от получения и оплаты услуг.
3202838	3202990	Продолжение следует...
3222717	3228526	то достижение соглашения оплата будет производиться за фактически оказанные услуги.
3228606	3243510	Также прекращение обслуживания будет, это обязательно нужно указать, расценено как незаконное и повлечет в защиту прав судебном уже порядке, то, о чем мы с вами вот сейчас дискутируем, говорим, что да, действительно.
3243490	3260009	Сейчас нам нужно направить в первую очередь отказ от акцепта публичной оферты, посмотреть ответ стороны, причем это я бы акцентировала внимание на тех собственников, у которых сейчас заканчивается договор.
3260330	3269380	Очень часто, прошу прощения, вы сказали, что именно у тех, у кого заканчивается, а у кого не заканчивается, они не делают этого?
3269697	3281282	Мы это делаем, но это уже вот то, о чем сейчас мы все дискутируем, что нам нужно в этом случае уже глобально и коллективно обращаться, оспаривать, да, вот это публичное соглашение.
3281342	3289900	Но тем, кто еще на действующем договоре, мы же уже в самом начале СБР право вот заметили, выбрали, ну, то есть у нас...
3289880	3310072	Тут мнение сошлось на тот счет, что договор, уже подписанный договор услуг, он не предусматривает момента, связанного с односторонним отказом от его исполнения или, например, о расторжении в одностороннем порядке со стороны именно организации, юридического лица.
3310092	3313137	В связи с этим договоры те действующие.
3313117	3334926	И оплата за услуги на данный момент по действующим договорам, она должна продолжать производиться, а иначе в данном случае, если вы перестаете платить, да, по тем, например, тарифам, которые ранее были установлены, также Светлана четко пояснила, что вот за тарифы уж точно мы не переживаем, они будут оспорены в силу закона и договора.
3334946	3339192	Тут действительно мы не должны акцентировать такое прям глобальное…
3339357	3350484	Но мы должны обратиться сейчас только к той группе активных, надеюсь, граждан, у которых заканчивается договор.
3350544	3355476	И вот там мы как раз-таки должны написать отказ, направить все...
3355456	3358621	Единолично, не коллективно.
3358661	3365512	Коллективно идут ровно те, кто не согласны с тарифами, у кого действующие договоры, и это будет уже коллективный.
3365733	3376430	А вот те граждане, которые сейчас стоят на пороге, получается, перезаключения, переподписания, то вот тут мы должны работать сейчас именно с ними.
3376470	3381919	То есть я считаю, что это должен образован быть какой-то отдельный чат, группа и...
3382152	3390305	Все, что касается сейчас глобального плана Светланы, стратегии, с ней тоже согласна, потому что я тоже являюсь политологом.
3390325	3392388	Анна, одну секундочку, пожалуйста, это очень важно.
3392448	3396575	У нас нет обязанности перезаключать договор.
3396615	3399840	У нас есть договор, который пролонгируется.
3400867	3401528	Пролонгируется.
3401568	3407134	Мы же с вами, вот я только что говорю, он как бы пролонгируется, но получается условия-то уже у всех разные.
3407174	3411458	У нас же есть договоры, которые действующие, там талитная сетка одна.
3411578	3413781	Есть условия новые публичные.
3413821	3415743	Я сравнила публичный договор.
3415803	3421329	Услуги, которые там оказывались и услуги, которые оказывались по другим договорам, они чуть-чуть разнятся.
3421349	3424292	Тут тоже нужно на этот момент обращать внимание.
3424525	3427450	То есть количество услуг, как я понимаю, увеличилось.
3427550	3431758	Но ценообразование в приложениях не указано.
3431818	3441615	Есть только список услуг, количество планируемое оказание их в неделю, в месяц, в период, там, лет и зима.
3441635	3445842	И при этом, естественно, я бы еще рекомендовала вам...
3446260	3455314	тем, кто не согласен с публичным договором, писать сейчас, просить представить управляющую компанию и официально публиковать тарифную сетку.
3455334	3464909	То есть из чего складывается тарификация, сколько стоят конкретные услуги для того, чтобы определить как раз экономическую целесообразность повышения тарифа.
3464929	3467273	Ну и впоследствии вам это пригодится, естественно, в суде.
3469092	3470075	Большое спасибо.
3470095	3472623	Пожалуйста, вопросы.
3472683	3478801	Всех попрошу, вопросы посмотрите, соседи, кто сможет на что ответить, тоже это будет потом важно.
3478841	3479423	Да, Светлана.
3480905	3484789	Да, я как раз хотела, я так просмотрела сейчас чат.
3484829	3491396	Значит, у людей есть вопрос, платить ли сейчас, и если платить, то как?
3491456	3499304	Анна сказала, что по фактическим затратам я предлагаю платить по тому тарифу, который был ранее утвержден.
3499344	3505410	То есть мы не берем тариф, который был представлен сейчас в оферте, а прям вручную ставим тот тариф, который...
3506470	3536477	Для того, чтобы показывать нашу добросовестность, наше намерение получать эти услуги и оплачивать их, для того, чтобы действительно мы не попали в коллапс, когда нас замкнут и, скажем, отсекут от этих услуг.
3536457	3538681	о том, что он там заканчивается.
3538701	3549080	Поэтому давайте мы будем считать, что эти договоры продлятся, если обслуживающая организация не напишет нам иного, то есть не напишет, что мы с вами договор расторгаем.
3549261	3551665	Публикуя публичный договор, я...
3552421	3564419	Я полагаю, что собственник имел намерение включить в качестве контрагентов всех жильцов, независимо от того, действующий договор, недействующий у них договор, истекает у него срок или нет.
3564459	3576117	Поэтому отказ от данной оферты должен быть составлен максимально от всех, если это возможно технически, просто не всегда есть определенная полная коммуникация.
3576518	3581773	в части, ну, вот именно совместного, да, какого-то возражения.
3581874	3588132	Что касаемо тарифа, и, да, действительно, может возникнуть в последующем у нас, к нам требуются
3588787	3618608	Спасибо, Светлана.
3618588	3645169	совершать действия по отказу от оферты, требовать, помимо этого, действительно, расчет тарифа с экономическим обоснованием, ну и предпринимать все шаги по обжалованию действий собственника общего имущества и обслуживающей организации как основными, скажем так, лицами, которые нарушают наши жилищные права.
3647596	3650023	а право на благоприятную среду проживания.
3650043	3655979	Вот такая у меня мысль.
3655999	3657182	Светлана, спасибо большое.
3657262	3659007	Сбер хочет что-то нам добавить.
3661973	3669064	Да, по поводу пролонгации договоров, поскольку я тут вижу в чате, очень многие пишут, что у них уже истек договор.
3669104	3678058	Вот я изучила, мы изучили 5 договоров, как минимум, и во всех них написано было в пункте 7.3.
3678038	3685349	что он автоматически пролонгируется, если за 30 дней до окончания срока не поступило соответствующее уведомление.
3685409	3690898	Уведомление такое никому, насколько я понимаю и видела в чате, не поступало.
3690938	3694564	Соответственно, тарифы просто пролонгируются.
3694644	3700553	И я согласна со Светланой, действительно нужно оплачивать по старым тарифам.
3700533	3708072	Но нужно отметить, что все-таки я считаю, что нужно решать вопрос здесь и сейчас.
3708533	3712804	Обращение про работу в год в Совете Федерации.
3713915	3719282	Я прекрасно понимаю, насколько долго принимаются законопроекты и законы.
3719322	3725549	И, соответственно, в 2021 году Конституционный суд сказал решить этот вопрос.
3725589	3729294	Однако этот вопрос на 26-й год до сих пор не решен.
3729314	3731557	И когда он будет решен, непонятно.
3731577	3734100	Поэтому мы хотим...
3737135	3753051	с собственником всех этих земель, поскольку он действительно, я думаю, что умный человек, и он понимает, как нужно вести переговоры, и что столько людей взбунтуется против него,
3753031	3774516	И, соответственно, мы как компания с огромным ресурсом тоже можем обеспечить, и неважно, кто он собственник, мы со своим ресурсом готовы обеспечить вот эту поддержку жителям, скооперироваться и все вместе, в том числе и, возможно, с привлечением жителей.
3774496	3778119	СМИ, поскольку это очень актуальная тема.
3779601	3791572	Я думаю, что только таким образом мы сможем победить этого собственника за такое самоуправство, если можно так сказать.
3791592	3792513	Хорошо, спасибо.
3792654	3794115	Есть еще по существу?
3794175	3799880	У вас у всех списки вопросов были, и люди у нас пишут, соседи, вопросы в чат.
3799900	3801482	Кого-то что-то есть добавить?
3812178	3820774	Есть в чате вопрос, единым ли документом должен быть отказ от оферты, претензии и требования о расчете.
3822177	3832937	Я бы все-таки, чтобы не смешивать юридическую доктрину, отказ от оферты написала без каких-либо требований в части документа.
3832917	3846139	обоснование этого тарифа, поскольку в данном случае мы так или иначе выразим свое желание разобраться в этом и дадим возможность двоякого толкования нашего отказа.
3846239	3856416	Поэтому прям четко один отказ, а потом уже претензия с требованием, на каком основании вы планировали, планируете или еще в будущем будете планировать увеличение тарифа.
3856436	3859701	Должны быть два разных документа, мое мнение.
3860778	3872936	Я бы сформулировала это так, коллеги, именно первое возражение против подписания с четким обоснованием своих претензий.
3872996	3883191	А что касается досудебной работы, претензионного порядка, он будет уже после того, когда на отказы люди начнут получать ответы.
3883492	3901816	и в совокупности всех обстоятельств, связанных с поведением противной стороны, можно будет его разработать, выработать тактику и стратегию действий, даже связанную, естественно, с глобальным моментом, с написанием правоохранительного органа, написанием Государственной Думы.
3901936	3905601	Это большая машина, которую нужно будет запустить, но это...
3905581	3921750	Немножко сейчас преждевременно нужно частные случаи разобрать и поработать именно с теми людьми, которые сейчас даже говорят, что у нас в 2025 году закончился, мы платим, платим правильно по старым тарифам, указанным в договоре.
3921730	3924155	Все правильно делайте.
3924216	3932655	Отключить от коммуникации вас как бы могут, но не будут, поскольку тогда массовость это дело предастся, и они это понимают.
3932715	3939891	Но в случае, если все-таки инициативная группа уже у вас имеется, тех, кого понуждают сейчас перезаключить договор,
3939871	3945580	то, конечно, нужно первым делом совместно с претензионной работой уже предавать дело Огласке.
3945600	3956277	Вы можете скептически к этому относиться, но 90% моих дел, преданных Огласке, берутся на контроль официально на следующее утро уже, как у Бастрыкина, он любит.
3956257	3966294	Александр Иванович брать дела на контроль, а также в тех органах, в тех структурах, которые могут каким-либо образом повлиять, провести проверку.
3966314	3972405	В данном случае это органы прокуратуры именно в вашем Ступинском районе.
3972485	3973667	Спасибо, Анна, большое.
3973707	3977033	Попрошу еще, пожалуйста, есть у нас Узбера, да.
3978312	3986785	Да, тут просто неоднократно уже задавали вопрос, что же делать, если будут препятствовать к проезду на земельный участок.
3987005	3995258	У вас есть прецедентное судебное решение по вашему поселку, где суд точно сказал, что...
3995238	4012977	Преграждать доступ собственник не может к земельному участку, поэтому, соответственно, вы получите ровно такое же судебное решение, можете вызывать в этом случае, соответственно, полицию, которая будет фиксировать запрет на въезд к вашему земельному участку.
4015218	4027373	Был претендент с одним собственником, который как раз был во взаимоотношениях подобных с собственником земель, и суд вынес решение в его пользу, и все равно его не пускали.
4027453	4038967	И это, я так понимаю, то, о чем говорит Анна, что если мы готовы идти к каким-то результатам, мы должны быть готовы к тому, что у нас будут вот эти вот неприятности, пока мы не дойдем до конца.
4038987	4039808	Я правильно понимаю?
4040952	4047923	Да, именно так. Но тут нужно понимать, что мы к этим опасностям готовы.
4048043	4053852	Мы, как СБЕР, можем организовать, соответственно, контрнаступление.
4054954	4055875	Это как?
4055895	4057037	Что значит контрнаступление?
4057057	4057898	Вот мы приехали...
4058165	4061469	10 человек, и стоим около шлагбаума, нас не пускают.
4061509	4068998	Мы звоним вам и... Ну, у нас есть определенные ресурсы, которые могут нам помочь, как и... Это бесполезно.
4069018	4071441	Как и Государственная Дума, как и привлечение.
4071561	4075766	Это бесполезно, коллеги, не вводите людей в заблуждение, пожалуйста.
4075867	4077348	Абсолютно согласна.
4077529	4082555	Вот с этими как раз гражданами, с ЧОПами, это бесполезно.
4082595	4084837	Трейдеры, запомните это.
4084857	4086940	Они действуют ровно так. Изучите всю...
4092573	4095626	В отделы полиции сидят, спят там.
4095666	4097393	Их закрывают, проводят проверки.
4097433	4101932	Им за это платят деньги вот эта компания Юрлицо, понимаете?
4101972	4102836	Там ЧОП левый.
4103660	4107724	Здесь я совершенно согласна с Анной.
4107824	4131827	Дело в том, что у меня в практике была история, также имелся прецедент, когда был удовлетворен иск одному из собственников, и когда возникали прецеденты по отношению к другим собственникам, даже суды, впоследствии рассматривая иски о незаконности действий собственника дорог, сказал, что это неприменимое решение, потому что оно носит
4131807	4146947	Вопрос в том, что все выступления сегодня говорят о мощнейшем безобразии.
4146927	4153241	С кадастровыми номерами указали, какие земельные участки, на которых дороги находятся, что делает собственник.
4153301	4159775	Он перемежевывает земельный участок, меняет его кадастровый номер, и решение становится неисполнимым.
4159795	4160516	Все.
4160536	4163603	То есть здесь мы должны с вами понимать, что...
4163583	4168176	Механизмов вот так, чтобы в моменте что-то решить, не так много.
4168196	4178605	И если мы вызовем полицию, полиция приезжает, он показывает документы на собственность в отношении дороги, и полиция говорит, ну а что, мы не можем ничего сделать, идите судитесь.
4178585	4187115	конечно, придется решать локально, через различные, если вот прям, как вы говорите, Елена, что вы приезжаете, 10 машин стоит, и вас не запускают.
4187155	4199349	Здесь это горячие линии, здесь это полиция, здесь это МВД, никакая Государственная Дума здесь не включится в моменте, и в моменте возможно, что будут сложности, и уже будут решаться эти вопросы впоследствии.
4199369	4208119	Здесь я с Анной согласна, вот когда приезжает телевидение, когда приезжает уже команда по указанию Бастрыкина, тогда это начинает хоть как-то работать.
4208099	4227475	Вот здесь согласна, поэтому я вижу так, что если мы сейчас вот пишем, кстати, обратите внимание, на любую аферту есть четко определенные сроки, как на нее отреагировать, да, это 30 дней с момента ее публикации мы должны отреагировать, и пропуск срока подразумевает под собой некое конклюдентное согласие на данную аферту.
4227455	4230058	Вот тут надо тоже еще не пропустить эти все сроки.
4230078	4237905	И у нас потом, если не происходит никакой реакции, у нас, соответственно, есть с вами 30-дневный срок на то, чтобы нам обратиться в суд с иском определенным.
4237925	4238566	Что я вижу?
4238646	4254542	Я вижу, что в данной ситуации, вот мое мнение по нашей сегодняшней беседе, у Анны есть четкий план с точки зрения привлечения средств массовой информации, юридические стратегии и тактика примерно у всех одинаковые у нас, и есть план по включению
4255771	4258834	механизм сверху.
4258854	4263059	Это Госдума, это Совет Федерации, это Минстрой и правительство Московской области.
4263099	4266062	Вот я вижу так. Юридический блок, стратегия.
4266102	4271988	Отказываемся от оферты, платим по старому тарифу, ждем ответа.
4272068	4277514	Если ответа не поступает, пишем претензию или поступает тот, который нас не устраивает, и дальше идем в суды.
4277534	4279816	Параллельно подключаем все механизмы сверху.
4279856	4282078	И рассматриваем вопрос, изучаем документы.
4282439	4285542	В этот период времени имеется ли у нас...
4285522	4293274	и основания для того, чтобы в итоге все-таки оспорить право частной собственности на стратегические объекты общего пользования.
4293294	4294416	Спасибо.
4294436	4294956	Спасибо большое.
4294997	4301206	Светлана Сергеевна, если по делу и очень кратенько.
4301266	4304972	Руку поднял и молчит.
4304992	4308758	Ну, хорошо.
4308898	4313605	Если не на что больше ответить по вопросам у юристов,
4315154	4331756	Большая просьба подготовить нам некий свод нашего всего собрания с ценовой политикой ваших услуг, для того, чтобы мы могли консолидированно принять решение, с кем мы идем дальше по этому непростому пути.
4331796	4332537	Да, Сергей?
4332597	4337163	Алло, у меня связи не было.
4337183	4338104	Это Сергей.
4339886	4340107	Ага.
4340127	4341528	Слышите меня, да?
4341588	4344052	Слышно, Сергей, слышно.
4344172	4345093	Да, да, да.
4345310	4362694	Все предыдущие ораторы сказали все правильно, все грамотно, но мне кажется, нужно начинать сверху, а конечным результатом должно быть создание независимого СНТ, ТСН, как угодно можно назвать.
4362674	4366439	Иначе мы не придем к нужному результату.
4366539	4383500	Как бы мы ни боролись с сегодняшней ситуацией, если даже мы выиграем или не проиграем, то все равно нужно создавать ТСН, СНТ, где должно быть как минимум 7 учредителей, основателей, и от этого уже будем плясать.
4383520	4387885	И ни от кого никогда вы не будете больше зависеть.
4387945	4389627	Спасибо большое, Сергей.
4390754	4418608	Уважаемые юристы, мы будем ждать от вас обратной связи, такой мини-план действий, который уже, я надеюсь, всем понятен, и, естественно, финансовую составляющую для того, чтобы мы понимали и определились, с кем мы идем дальше, тем более, как получается, у нас времени не так много, потому что как минимум неделя уже прошла с момента, как они эту оферту выставили.
4418628	4419529	Да, Светлана?
4420673	4436516	Елена, вот я сейчас в чате увидела такую фразу о том, что кто-то написал, что мы скидывались по миллиону на создание инфраструктуры или на благоустройство, на развитие поселка.
4436556	4438058	Это действительно было так?
4438118	4438799	Да, конечно.
4438819	4448233	Вся инфраструктура построена на наши деньги, вплоть до водоразмерного узла, который сейчас опять же принадлежит все тому же физическому лицу теперь уже.
4448652	4454363	И у вас это прям юридически закреплено в каком-то соглашении, либо в договоре купли-продажи?
4454403	4456608	В договоре.
4456628	4461117	Прекрасно, прекрасно.
4461137	4466948	Ну, у нас шансы увеличиваются все-таки поспорить с его правом частной собственности на все это.
4467569	4488971	Хорошо, всем спасибо большое, очень ждем от вас финализации наших шагов, денег, естественно, финансовой составляющей, и буквально в ближайшее время, я надеюсь, что мы со всеми собственниками примем решение, с кем идем дальше, и с вами свяжемся достаточно оперативно.
4488991	4493376	Спасибо большое, коллеги, всем хорошего вечера.
4493716	4496159	Уважаемые собственники, до свидания.
4496219	4497120	До свидания.
